名称,英文名,id,poiID,经度,维度,标签,特色,价格,最低价格,评价分数,评论数量,封面图片,成人票价格,老人票价格,学生票价格,儿童票价格,建议游玩,开放时间,介绍,优待政策
千年瑶寨,Millennium Yaozhai,1409681,13103132,24.580937,112.301232,演出场馆|古镇古村|4A|体验慢生活,规模宏大的瑶族古寨,0.0,0,4.7,6936,https://youimg1.c-ctrip.com/target/0102r12000a0ia3qeA863.jpg,106.0,54.0,54.0,54.0,1-2天,"{'openStatus': '开园中', 'openStatusType': 0, 'canSubscribed': False, 'hasSubscribed': False, 'openTimeTips': '篝火晚会常规活动时间：4月1号至11月30号19：00开始，12月1号至次年3月31号18：30开始。具体请以景区当天时间为准。', 'likeCount': 3, 'isLiked': False, 'playSpendTime': '1-2天', 'openTimeDesc': '全年 全天开放；篝火晚会常规活动时间：4月1号至11月30号19：00开始，12月1号至次年3月31号18：30开始。具体请以景区当天时间为准。', 'openDateRuleInfo': [{'dateDesc': '全年', 'isCurrentTime': False, 'openWeekRuleInfo': [{'weekDesc': '全天开放'}]}]}",      承载着千年文明的千年瑶寨，坐落在（广东连南瑶族自治县三排镇）百里瑶山万山朝王的正面，寨门海拔808米，被称誉为首领排。古寨依山而建，房屋层叠，错落有致;石板道纵横交错，主次分明;周围山势险要，溪水奔流，群峰迭嶂。　　此寨始建于宋代，现保留明清古建筑398幢。据中央民族大学刘保元教授和中国瑶族研究协会会长张有隽教授等考证专家考证，千年瑶寨是全国乃至全世界规模大、古老、具有特色的瑶寨。堪称世界建筑奇观，人类群居风水宝地。连南素有诗画之乡、歌舞之乡的美誉，在长期的生产劳动过程中，瑶族人民积累和创造了颇具特色的传统文化。瑶族“耍歌堂”、“长鼓舞”、“八排瑶族婚俗”接连被列为国家非物质文化遗产。还是上世纪50年代世界经典名曲《瑶族舞曲》的原创地。 　  千年瑶寨先后被评为“中国历史文化名村”、“中国民间艺术之乡”、“中国少数民族特色村寨”，并于2014年12月被评为国家AAAA级旅游景区。,"{'儿童': [['身高 1.2 米(不含)以下', '免费'], ['身高1.2米(含)-1.4米(不含)', '优惠']], '老人': [['70 周岁(含)以上，凭本人身份证', '免费'], ['60周岁（含）-70周岁（不含），持老年证或身份证', '优惠']], '学生': [['6 周岁（含）-18 周岁（含）青少年、全日制大学本科及以下学历，凭学生证', '优惠']], '现役军人': [['凭本人军人证和身份证', '免费']], '残疾军人': [['持本人残疾军人证', '免费']], '“三属”和现役军人家属': [['凭有效证明', '免费']], '残疾人': [['持本人特等、一等、二等残疾证', '免费']]}"
连州地下河,Lianzhou Underground River,17609,79771,25.001762,112.330034,5A|游山玩水|亲近大自然,深入暗河赏溶洞奇观,0.0,0,4.6,2922,https://dimg04.c-ctrip.com/images/10040q000000ga6c452BB.jpg,108.0,60.0,60.0,60.0,1.5-2小时,"{'openStatus': '今日已闭园', 'openStatusType': 1, 'canSubscribed': False, 'hasSubscribed': False, 'likeCount': 0, 'isLiked': False, 'playSpendTime': '1.5-2小时', 'openTimeDesc': '全年 08:30-17:00（16:50停止入园）', 'openDateRuleInfo': [{'dateDesc': '全年', 'isCurrentTime': False, 'openWeekRuleInfo': [{'weekDesc': '08:30-17:00(最晚入园16:50)'}]}]}",连州地下河位于历史文化古城连州市东北26公里处，在粤桂湘三省交界的崇山峻岭之中，是一个亚热带喀斯特地貌的典型巨型天然石灰岩溶洞。它以其神秘、瑰丽的石钟乳及洞穴暗河而蜚声中外，有广东地下第一河之称。连州地下河的景点分陆路和水路两部分，陆路为溶洞，水路为地下河。水陆两游的连州地下河，以其恢宏的气势、壮丽的景观和独特的组合，堪称岭南一绝。知名文学家秦牧先生称之为“神秘瑰丽的地下河”。洞中有洞、洞中有河、洞中有桥、洞中有瀑布是连州地下河独有的特色。连州地下河游览区隐卧在高山半山腰的溶洞里，溶洞的面积达10万平方米，可供游览面积6万平方米。上两层有高达30多米的顶天柱、可容万人的仙人田广场等。第三层是蜿蜒曲折的地下河，河水静静地流向洞的深处。溶洞里的风光可以说无奇不有，山重水复，峭壁巍岩，天然的洞口宽敞雄伟，置身其中，一种“别有洞天”的感觉油然而生，与桂林七星岩相比，其实有过之而无不及。洞内四季气温保持在18℃～22℃，湿度在96%-98%，而且洞内含氧量高达21.4%-21.6%，二氧化碳含量仅在0.01%-0.019%之间，空气清新，冬暖夏凉，是旅游避暑的圣地。洞内有无数千姿百态、瑰丽多彩的钟乳石，游览范围共分三层：上中两层为陆地层，厅堂高大宽阔，岩壁坚固，雄伟壮观，“瀑布”、“山林”、“幽谷”、“田园”、“瑶寨”，百花争艳，鸟飞云走……；下层是一条地下暗河，由北向南蜿蜒1500米，经过三个美丽的峡谷，穿过四座山头底部，河面宽1.6-10米，水深1-7米，两岸奇景密布，巧夺天工，美不胜收。有洞中之宝“金鸡报晓”、“飞象过河”；还有地下河一物两景的“寿星公”；更有近百处由石柱、石幔、石笋、石藕、石花等天然形成的奇观，“飞瀑奇石”、“花鸟神阁”……各处自然美景无不让人叹为观止，乐而忘返。景区提供免费导游讲解，搭配导游的讲解再看石景会更为有趣。在走完陆地层后即可上船游河，每船可坐10人左右。乘上小船沿暗河向前行进，河道蜿蜒曲折，时而开阔，时而狭窄，头顶上的钟乳石触手可及。沿途会经过香蕉峡、莲花峡、龙门峡三处峡谷，两岸的钟乳石景千姿百态，加上灯光的映衬，美轮美奂。人在洞中观赏的时候，经常会被从穹顶落下的水滴打湿，不像那些开发过度的早已干枯的溶洞，没有一丝生气。游船时间约为40分钟，整个溶洞的游览约为1个半小时。,"{'儿童': [['6周岁（含6周岁）以下或身高1.2米（含1.2米）以下的儿童，须家人陪同', '免费'], ['身高1.2米以上1.5米（含1.5米）以下的少年儿童', '优惠票'], ['6周岁（不含6周岁）~18周岁（含18周岁）的未成年人，凭本人二代身份证', '优惠票']], '老人': [['70岁（含70岁）以上老人，须出示本人身份证，并请家人陪同', '免费'], ['满60周岁以上的老年人，凭本人身份证、老年人优待证', '优惠票']], '学生': [['全日制大学本科及以下学历学生，凭本人学生证', '优惠票']], '军人': [['残疾军人，须出示本人残疾军人证', '免费'], ['现役军人，凭本人军官证、士兵证', '优惠票']], '残疾人': [['凭本人《中华人民共和国残疾人证》', '优惠票']], '宗教人士': [['凭本人宗教身份相关证件', '优惠票']]}"
古龙峡,Gulong Gorge,5139702,58282570,23.772227,112.961158,游山玩水|亲近大自然|4A|登高爬山,悬崖对峙、奇峰耸立,0.0,0,4.2,691,https://dimg04.c-ctrip.com/images/0100p120009b9s9ieD4C2.jpg,108.0,108.0,108.0,0,0.5-1天,"{'openStatus': '今日已闭园', 'openStatusType': 1, 'canSubscribed': False, 'hasSubscribed': False, 'openTimeTips': '1、云天玻霸/大瀑布群取票时间：09:00-16:00\n2、漂流开放时间:13:00-15:00;', 'likeCount': 0, 'isLiked': False, 'playSpendTime': '0.5-1天', 'openTimeDesc': '1月22日-12月31日 09:00-17:00（15:00停止售票，16:00停止入园）；1、云天玻霸/大瀑布群取票时间：09:00-16:00\n2、漂流开放时间:13:00-15:00;', 'openDateRuleInfo': [{'dateDesc': '1月22日-12月31日', 'isCurrentTime': False, 'openWeekRuleInfo': [{'weekDesc': '09:00-17:00(停止售票15:00,最晚入园16:00)'}]}]}","    清远古龙峡森林探险王国位于清远市清新区滨江峡谷，距离广州市区68公里，地处广清高速与清连高速（许广高速）及汕湛高速的交汇点。在高差千米的万丈崖群峰的夹峙下，古龙大峡谷集瀑布、深潭、奇石、丛林于一体，悬崖对峙、奇峰耸立、银瀑飞溅，滩多水急，原始雨林遮天蔽日，一年四季清爽宜人。景物特色可用“奇、隐、俏、巧、幽、旷、惊、险、全、古”十个字来概括。峡谷内保存着3000万平方米亚热带丛林，森林覆盖率达到99.1%。负氧离子浓度高达16万/cm³，是清心洗肺的大氧吧。清代诗人袁枚曾以“万山如浪涌，泉鸣溪涌流。浮云脚下踩, 松涛景色殊。”形容清远古龙峡的壮美幽深。    依托大峡谷、大森林、大瀑布的独特地形地貌，在千米垂直落差的悬崖密林间，古龙峡景区自上而下、立体开发了五大项目组团：云天玻霸、空中探险、大瀑布群、国际漂流、网红河谷。作为国家体育旅游示范基地、国际漂流赛场、国家体育总局指定赛道，景区共获得12项世界纪录认证，被誉为“漂流王中王 玻璃霸中霸”、“世界高空观光新霸主”。从激流飞驰到森林探险到空中揽胜，在古龙峡可以一次玩转水陆空。","{'儿童': [['身高1.2米(不含)以下', '免费']], '军人': [['凭军官证等有效证件', '优惠']]}"
古龙峡漂流,Gulong Gorge Rafting,131371,10546285,23.775871,112.9611,游山玩水|清凉漂流|热爱运动|亲近大自然,国际赛道级惊险体验,0.0,0,4.4,4014,https://dimg04.c-ctrip.com/images/350j16000000z8k7k515D.jpg,168.0,168.0,168.0,0,1-3小时,"{'openStatus': '今日已闭园', 'openStatusType': 1, 'canSubscribed': False, 'hasSubscribed': False, 'likeCount': 2, 'isLiked': False, 'playSpendTime': '1-3小时', 'openTimeDesc': '4月16日-6月9日 周一-周五 12:30-15:00 周六-周日 11:00-15:30；6月10日-7月7日 周一-周五 12:00-15:00 周六-周日 10:30-15:30；7月8日-7月24日 周一-周五 12:00-15:00 周六-周日 10:30-15:30；7月25日-8月20日 周一-周五 10:30-15:00 周六-周日 10:00-15:30', 'openDateRuleInfo': [{'dateDesc': '7月25日-8月20日', 'isCurrentTime': True, 'openWeekRuleInfo': [{'weekTime': '周一至周五', 'weekDesc': '10:30-15:00'}, {'weekTime': '周六至周日', 'weekDesc': '10:00-15:30'}]}, {'dateDesc': '4月16日-6月9日', 'isCurrentTime': False, 'openWeekRuleInfo': [{'weekTime': '周一至周五', 'weekDesc': '12:30-15:00'}, {'weekTime': '周六至周日', 'weekDesc': '11:00-15:30'}]}, {'dateDesc': '6月10日-7月7日', 'isCurrentTime': False, 'openWeekRuleInfo': [{'weekTime': '周一至周五', 'weekDesc': '12:00-15:00'}, {'weekTime': '周六至周日', 'weekDesc': '10:30-15:30'}]}, {'dateDesc': '7月8日-7月24日', 'isCurrentTime': False, 'openWeekRuleInfo': [{'weekTime': '周一至周五', 'weekDesc': '12:00-15:00'}, {'weekTime': '周六至周日', 'weekDesc': '10:30-15:30'}]}]}","古龙峡漂流位于清远市清新区，是一段天然河道形成的激烈漂流。这里依山取势，自然原始，浑然天成，巨大的落差和陡峭的河床，以及河道两岸千泉百瀑的风光，呈现出奔放汹涌、虎啸龙腾、狂野豪迈的阳刚之美。古龙峡国际漂流赛场多次承办国际自然水域漂流大赛，是国家体育总局指定漂流赛道。古龙峡国际漂流赛场赛道全程6063米，落差达378米，至快时速72公里，共分为“赛道”“极限赛道”两个赛段，是广东省赛道至长、落差至大、流速至快的漂流项目。2019年，世界至长的自然水域竞赛河道、世界落差至大的自然水域竞赛河道两项世界挑战成功。被誉为“浪尖上的过山车”的古龙峡漂流，是广东至刺激的漂流 。 古龙峡漂流赛道的平均坡降为9.5%，超越了世界至大峡谷---雅鲁藏布大峡谷7.5%的平均坡降。至心跳的体验当属古龙峡“神龙回首”河段，180度的大转角，类似雅鲁藏布江大气雄浑的U型大转弯，两岸壁仞千尺，形成一夫当关，万夫莫开之势。高速滑行的皮艇像浪尖上的过山车，飞旋在波峰波谷间，在惊魂未定之际又戛然而止，橡皮艇稳稳跃入一个的清澈水潭里，平静下来，尖叫声似乎还在耳边。由于峡深壁陡，悬崖对峙，山高林密，古木参天，藤蔓相牵，古龙峡的河道被“森林隧道”重重包围---原始丛林遮天蔽日，漂流河道终年难见天日，年至高气温仅为22℃。与其他漂流夏季暴晒相比，古龙峡是广东所有水上项目中独得号称“不用搽防晒霜”漂流。漂流河道的主要水源来自峡谷中的古龙洞，洞内分布多层砂页岩，多股泉水汇涌而出，水声轰鸣，清澈冰爽，自古便有“古龙鸣泉”的典故。清远是中国漂流之乡，而古龙峡则被业界评论为“中国漂流看清远，清远漂流看古龙”。古龙峡漂流河道经国际漂流专家按照赛道标准精心设计，是首批经过省技术监督局认定的标准化河道，其河道安全性得到了权威机构“中国船级社”及广东省体育局的安全认证。古龙峡漂流赛道的狂野落差、强烈节奏、原始生态、优质水源, 树立了中国漂流的新典范，被业界公认为的中国至刺激、至好玩的漂流。2019年，全新升级的古龙峡漂流河道融入亚马逊部落场景，融入猩猩岛、鳄鱼潭、恐龙谷等闯关体验，是情景式漂流项目。","{'儿童': [['身高1.2米(不含)以下(手抱婴儿除外)', '免费']]}"
广州融创文旅城,"Sunac Land, Guangzhou",5356386,61427506,23.429408,113.234555,演出场馆|游乐场|体验慢生活|度假村|4A|嗨玩乐园,拥有八大主题乐园,0.0,0,4.4,356,https://dimg04.c-ctrip.com/images/0106b120009clc8q1EFF1.jpg,138.0,138.0,138.0,138.0,0.5-1天,"{'openStatus': '开园中', 'openStatusType': 0, 'canSubscribed': False, 'hasSubscribed': False, 'openTimeTips': '分别详见广州热雪奇迹、广州融创体育世界、广州融创乐园、广州融创水世界页面营业时间展示。', 'likeCount': 2, 'isLiked': False, 'playSpendTime': '0.5-1天', 'openTimeDesc': '全年 全天开放；分别详见广州热雪奇迹、广州融创体育世界、广州融创乐园、广州融创水世界页面营业时间展示。', 'openDateRuleInfo': [{'dateDesc': '全年', 'isCurrentTime': False, 'openWeekRuleInfo': [{'weekDesc': '全天开放'}]}]}",广州融创文旅城位于广州市花都区，项目占地总面积约220万平方米，净用地面积约159万平方米，总投资达500亿人民币。拥有8大业态，分别是华南室内滑雪场 - 广州融创雪世界、华南室内恒温水乐园 - 广州融创水世界、大型室外主题乐园 - 广州融创主题乐园、广州融创体育世界、广州融创茂、滨湖酒吧街、度假酒店群以及秀场。,{}
广州热雪奇迹,Guangzhou Bonski,5120365,58255461,23.426845,113.231152,嗨玩乐园|冰雪乐园|4A,大型室内滑雪场,0.0,0,4.5,5714,https://dimg04.c-ctrip.com/images/100q1f000001grjsn34EF.jpg,256.6174380670053,256.6174380670053,183.18219613597458,256.6174380670053,2-12小时,"{'openStatus': '', 'openStatusType': 999, 'canSubscribed': False, 'hasSubscribed': False, 'likeCount': 0, 'isLiked': False, 'playSpendTime': '2-12小时', 'openTimeDesc': '滑雪：淡季：10:00-21:00、平季：10:00-22:00、旺季：09:30-22:00。\n娱雪：淡季：10:00-18:00、平季：10:00-22:00、旺季：09:30-22:00。\n\n雪场日期定义：\n淡季：常规周一至周五(不含暑期7-8月及法定节假日)、法定补班日；\n平季：暑期（7月1日-8月31日）期间的周一至周五；除暑期、法定节假日放假调休期间以外的周六至周日；春节法定节假日放假调休开始前10天（2023年1月11-20日）及结束后7天（2023年1月28日-2月5日）；圣诞周（2023年12月21日-12月29日）\n旺季：国家法定节假日放假调休期间、暑期期间的周六至周日。\n\n雪场运营时间仅供参考，如有变动以现场公示为准。'}","广州热雪奇迹建筑总面积达7.5万㎡，常年温度保持在-4至-6摄氏度，是全球大型室内专业滑雪圣地，也是目前华南地区规模最为宏大的在营室内滑雪场。滑雪酷爽痛快，娱雪新奇有趣，主题活动丰富多彩，无论您是享受雪地里的亲子时光或浪漫邂逅，还是畅玩刺激沸腾的滑雪运动，广州热雪奇迹365天为您带来冰雪嘉年华！滑雪区域设有适合零基础的单板练习道、双板练习道，中级道、2条高级道等5条不同难度的雪道。其中室内雪场少见的两条立体交叉雪道的设计让中高级滑雪爱好者感受不一样雪道变化带来的乐趣。另外，中级道与双板练习道通过中段缓冲区域组成了长达460米的超长室内高山滑雪雪道。17,000㎡ 超大冰雪游乐区为非滑雪游客提供了雪上飞碟、冰上碰碰车、飞越冰川、探险步道等多项冰雪游乐项目，四季全雪季，天天可玩雪，在南国感受冰雪游乐的趣味。此外，馆内免费为娱雪游客提供雪服、雪鞋，为滑雪游客提供滑雪服、滑雪鞋、头盔和滑雪板；滑雪爱好者也可自行携带滑雪服及滑雪装备入馆游玩。【滑雪区】滑雪区整体落差66米，拥有五条不同难度的雪道，坡度从7°到21°，平均宽度35米，覆雪厚度常年保持在50厘米，其中上行设备包括1条双人座椅索道，8条魔毯。1、单板练习道（企鹅道）雪道宽度开阔，宽度约35米，长度约70米，坡度约13.6°，较一般的单板练习雪道稍陡，需要零基础的滑雪者先在平地区域穿板练习，掌握基本站姿和停止技术后，再去从最上端大胆尝试解锁新动作。2、双板练习道（小熊道） 小熊道雪道开阔，宽度约50米，长度约76米，坡度约8°，整体滑行速度较缓，适合零基础滑雪者，小朋友可以在这里大胆尝试练习。3、中级道（雪兔道）雪兔道长度约360米，宽度约35米，坡度约11.8°。作为整个雪场滑雪者密度最高也是备受欢迎的一条雪道，这里适合已经掌握了基本的滑雪站姿、摔倒及停止的滑雪者。同时，由于雪道的坡度和宽度特别适合单板和双板爱好者练习GROUND TRICKS （平地花样），大家也亲切的称它为“平花大道”。4、高级道（麋鹿道）麋鹿道长度约260米，宽度约35米，平均坡度约18.8°，适合中级水平滑雪者。雪道的上半段坡度约18°，考验您在中高级坡度下基础滑行动作的稳定性以及胆量，下半段坡度约10-12°，您可以在这里充分享受CARVING的乐趣。除此之外，下半段修整了蘑菇道和波浪道，让您体验不一样地形带来的酷爽体验。5、高级道（老虎道）老虎道长度约260米，宽度约35米，平均坡度约20.8°。这里修建了滑雪地形公园，聚集了雪馆内最高水平的滑雪者，可以满足回转和刻滑的需求。在索道上可以经常看到道具上、跳台上“练活儿”滑手，这也成为“老虎道”的靓丽风景线。【冰雪游乐区】1、雪上飞碟 坐上飞碟形状的充气雪圈，从雪山顶飞驰而下，清爽的雪风扑面而来，在眨眼间滑落山底，在意犹未尽中感受雪地速度与激爽。游玩要求：限体重小于90KG客人乘坐，1.2米以下儿童需成人陪同游玩。2、冰上碰碰车 光滑的冰面减少摩擦，碰碰游戏更能带来刺激感与乐趣，在南方也可体验北方冬天的热门游戏。游玩要求：1米以下儿童需要成人妥善保护可乘坐。3、探险步道 集趣味、娱乐、拓展功能为一体，在高空、速度、力量、毅力等元素的挑战中，感受感官上的刺激和闯关成功的成就感。游玩要求：身高须高于1.4米且体重小于100KG游客游玩，游客需满16周岁，否则需要有成人在现场监护。4、冰上自行车 光滑的冰面踩单车？南方的小伙伴们一定第一次玩了，充满意想不到的乐趣，是老少咸宜的冰上项目。游玩要求：身高须高于1米以上游客游玩。5、飞跃冰川 首台室内滑雪馆同向双溜索，单条长83米，高差10米，高空横跨滑雪场如“比翼双飞”，让游客体验从白雪皑皑的上空急速滑过的刺激感觉。游玩要求：限体重在40-90kg区间乘坐游玩，身高1米4-1米85之间，年龄12周岁-60周岁之间。6、花海雪圈 坐上百米郁金香花海雪圈道，从山顶一路快速往下穿越，体验一场梦幻与刺激并存之旅，记录不一样的羊城浪漫。游玩要求：限体重小于90KG客人乘坐，1.2米以下儿童禁止游玩。7、冰滑梯 冰滑梯由冰块砌成，全长60米的滑道只需10秒带给你冰上飞行的完美体验，尽情享受冰情雪趣。游玩要求：身高1米以下儿童禁止游玩。",{}
熹乐谷温泉度假区,,133975942,133975942,23.771933,113.489372,4A,,0.0,0,3.3,16,https://dimg04.c-ctrip.com/images/0104b120009f6dq0b34D7.jpg,188.0,188.0,188.0,108.0,,"{'openStatus': '开园中', 'openStatusType': 0, 'canSubscribed': False, 'hasSubscribed': False, 'openTimeTips': '无动力乐园开放时间：9:30-22: 00 \n熹乐谷水世界开放时间：10:00-20:00；\n马戏演出时间：6月22日-8月31日 午场14:00 15:30 17:00，夜场19:30 21:00', 'likeCount': 0, 'isLiked': False, 'openTimeDesc': '全年 09:00-23:59（23:00停止入园）；无动力乐园开放时间：9:30-22: 00 \n熹乐谷水世界开放时间：10:00-20:00；\n马戏演出时间：6月22日-8月31日 午场14:00 15:30 17:00，夜场19:30 21:00', 'openDateRuleInfo': [{'dateDesc': '全年', 'isCurrentTime': False, 'openWeekRuleInfo': [{'weekDesc': '09:00-23:59(最晚入园23:00)'}]}]}",熹乐谷凤凰温泉占地面积2.5万㎡，依泉脉而打造的温泉养生公园。遵循凤凰呈祥型独特规划了9大特色温泉区，错落有致地分布在别具特色的半山坡地区内，分为景观温泉区、花型屋温泉区、星座温泉区、星空温泉区、半坡温泉区、动感水疗区、水上乐园区、私密温泉区及贵宾SPA汤屋区，各类温泉汤池多达65个，为您提供多种多样的温泉养生疗养体验。特色之一就是蕴藏着全国罕见的87℃天然地热“氡”温泉，其泉眼出自200多米地底深处喷出的天然矿物质泉，日涌泉量高达2000立方米，在熹乐谷温泉即可享受此天然稀有珍贵的“氡”泉。,"{'儿童': [['1米（含）以下', '免费'], ['1米（不含）-1.4米（不含）儿童', '优惠']]}"
洞天仙境,Cave Fairland,135906,97542,24.151927,112.900101,游山玩水|亲近大自然|4A,探秘天坑溶洞奇景,0.0,0,4.3,2374,https://youimg1.c-ctrip.com/target/1lo1k12000bexjad748D8.jpg,72.0,50.0,72.0,50.0,1-2小时,"{'openStatus': '开园中', 'openStatusType': 0, 'canSubscribed': False, 'hasSubscribed': False, 'likeCount': 0, 'isLiked': False, 'playSpendTime': '1-2小时', 'openTimeDesc': '全年 08:30-18:00', 'openDateRuleInfo': [{'dateDesc': '全年', 'isCurrentTime': False, 'openWeekRuleInfo': [{'weekDesc': '08:30-18:00'}]}]}",洞天仙境又名穿天岩，位于九龙镇区西2公里，是英西峰林走廊主要景点。由一个独具特色的天然溶洞、一条清澈的黄花溪、一个疑是世外桃源的古村落组成。洞天仙境集天坑、溶洞之景于一体，坑洞相连，非常奇特。这里天坑密布，绿树成荫，洞内形态各异的钟乳石错落其中，在景观灯的照耀下，绚丽斑斓，游人泛舟而过，可谓“别有洞天”。洞内岩石突兀，耸立如笋，且形象各异。“灵龟献寿”、“天龙饮水”、“群龙戏珠”、“莲花宝座”，奇石万千数之不尽。其中极具代表性的应属“观音赐福”，在洞内观景台上放眼望去，远处的岩壁上一尊栩栩如生的观音像屹立于崖壁上，双手相托，宛如在为前来参观游览的游客们赐福保平安，让人不得不钦佩大自然的鬼斧神工。游玩洞天仙境，可以沿着栈道漫步，欣赏周围怪石嶙峋，绿树成荫的绝妙景色，也可以体验透过一个个天坑仰望天空的奇特景色。这里的悬空玻璃栈道一定要体验一番，人行其上，两岸山峰陡峭，底下河水潺潺流过，别有一番情趣。除了漫步游走，也可以乘船穿梭在峭壁之间，穿过五光十色的溶洞，看形态各异的钟乳石，感受大自然的造物奇迹，也更添一份世外桃源般的雅致情趣。,"{'儿童': [['身高1.2米(含)以下', '免费'], ['身高1.2米(不含)至1.5米(不含)', '优惠价格']], '老人': [['年龄70周岁(含)以上，凭本人有效身份证原件', '免费'], ['年龄65岁（含）-69岁（含）周岁，凭本人有效身份证原件', '优惠价格']], '残疾人': [['一至二级的残疾人、一至六级的残疾军人、一至四级残疾军人随行一名陪护人员，凭指定机关核发的有效证件原件', '免费']], '退役军人': [['参战退役军人、因公牺牲军人遗属、病故军人遗属凭有效证件购买优惠门票', '优惠']], '军人、烈士遗属、残疾军人': [['现役军人、烈士遗属、残疾军人、享受国家定期抚恤补助的退役军人出示有效证件(优抚证等)，本人免门票入景区。', '免费']]}"
古龙峡云天玻霸,,4709346,53562328,23.787386,112.955386,高空行走|游山玩水|亲近大自然|登高爬山,悬崖峭壁，飞瀑擎天,0.0,0,4.4,3960,https://dimg04.c-ctrip.com/images/0102i120008jk6atmDDEE.jpg,101.43330203977128,101.43330203977128,101.43330203977128,0,1-3小时,"{'openStatus': '今日已闭园', 'openStatusType': 1, 'canSubscribed': False, 'hasSubscribed': False, 'likeCount': 0, 'isLiked': False, 'playSpendTime': '1-3小时', 'openTimeDesc': '全年 09:00-17:00（15:00停止售票，16:00停止入园）', 'openDateRuleInfo': [{'dateDesc': '全年', 'isCurrentTime': False, 'openWeekRuleInfo': [{'weekDesc': '09:00-17:00(停止售票15:00,最晚入园16:00)'}]}]}",古龙峡云天玻霸，是一个集悬空玻璃平台、玻璃悬廊、玻璃栈道、玻璃吊桥、玻璃天镜、玻璃直播间6位一体的玻璃观光组合。景区使用3层6.0厘米厚度的超白夹胶玻璃，透光率99.15%，具有清晰的亮度、超高的光折射率。6大玻璃项目悬浮在古龙峡高度530米的群山之巅、瀑布之上，从悬崖绝壁凌空而出，全长1300米，面积1.2万平米，气势磅礴而又和谐统一。高差达千米的古龙大峡谷集瀑布、深潭、奇石、丛林于一体，其中的万丈崖大瀑布，单体落差达131米。云天玻霸包揽12项世界纪录，问鼎世界高空游览新霸主。游客可通过单级户外扶梯，从峡谷中部直抵云天玻霸玻璃桥。整座电梯中间没有再设平台，一梯到顶，电梯上面安装了遮阳雨棚。2分45秒，相当于提升了30层楼的高度。6大玻璃项目一一开启天空之城： 1、玻璃平台：云天玻霸玻璃平台全长302米，具有全长202米72米的悬空跨度。巨型UFO造型的玻璃平台位于大瀑布的顶端，高悬在绝壁和深潭之上，紧贴着大瀑布的巨幅水幕，点睛之笔是平台顶部直径18米的巨型的玻璃观景圆台。  如果说云天玻霸是钢铁巨兽，那么伫立在玻璃平台后方的，高达26.8米的巨型猩猩雕塑则是古龙峡的森林之魂。2、玻璃吊桥：全长329米，平均宽度3.8米，桥上有2个港湾式透明观景凸台。观瀑玻璃桥和UFO玻璃平台遥相呼应，港湾式观景凸台设置了5D声光电效果装置，感应到游客经过时，会出现“山崩地裂”“玻璃破碎”等奇幻效果。 3、玻璃栈道：脚下是绝壁，头上是蓝天。通过400米的玻璃栈道，6大玻璃项目在同一水平面，围绕着古龙峡大瀑布、通天悬崖游览，无需翻山越岭。 4、玻璃悬廊：高悬在群山之巅的空中走廊，将UFO圆形平台与天空之镜连接在一起。  5、天空之镜：新鲜出炉的网红产品，200平米的高反光玻璃。 6、悬空直播间：位于云天玻霸的制高点，矗立瀑布之上，悬挑绝壁之外。海拔高度530米，垂直高差263米，悬空长度16米的户外玻璃直播空间。玻璃直播空间为半莲花状，花开三瓣，寓意天、地、人合一的自然之理，因悬挑在瀑布之上，又名飞瀑莲天。在现场直播时，顶部为直播区，左右为商品展示区。 直播间采用特制隔音夹胶玻璃。为保障特殊天气的正常播出，直播平台旁的悬崖上搭建了粉色透明小屋，作为全天候备用直播室。 站在悬空直播平台上，气吞山河的瀑布就在脚下奔涌。,"{'儿童': [['身高1.2米(不含)以下', '免费']], '军人': [['凭军官证等有效证件', '优惠']]}"
广州融创乐园,GuangZhou Park,5118364,58251719,23.429633,113.24021,演出场馆|嗨玩乐园|游乐场|4A,依南越文化构建六大主题,0.0,0,4.8,7017,https://dimg04.c-ctrip.com/images/0104v120009ck2mfyCF6A.jpg,208.0,158.0,139.0,0,0.5-1天,"{'openStatus': '开园中', 'openStatusType': 0, 'canSubscribed': False, 'hasSubscribed': False, 'openTimeTips': '1、乐园日场正常运营，日场不清场。\n2、乐园夜游实行一票制入园，夜场15:00开放。\n3、设备开放时间按现场客流调整。', 'likeCount': 0, 'isLiked': False, 'playSpendTime': '0.5-1天', 'openTimeDesc': '7月1日-8月31日 周一-周五 10:00-21:00 周六-周日 10:00-22:00；1、乐园日场正常运营，日场不清场。\n2、乐园夜游实行一票制入园，夜场15:00开放。\n3、设备开放时间按现场客流调整。', 'openDateRuleInfo': [{'dateDesc': '7月1日-8月31日', 'isCurrentTime': False, 'openWeekRuleInfo': [{'weekTime': '周一至周五', 'weekDesc': '10:00-21:00'}, {'weekTime': '周六至周日', 'weekDesc': '10:00-22:00'}]}]}",广州融创乐园总占地面积约59.6万平方米，是独具南越文化与岭南风格的大型室外主题乐园。千年商都、海上丝路、岭南印象、南越古国、五羊传说、梦幻花园6大主题区域穿越古今，带来妙不可言的欢乐体验。乐园拥有全感官超震撼8K飞行影院“飞越广东”、无限刺激的独创双轨双车过山车“双龙飞舞”、风格各异的高科技游乐设备，可惊险可浪漫、可互动可体验、可学习可娱乐。此外，裸眼3D灯光水幕大湖秀《丝路情缘》、无限欢乐的梦幻花车巡游等精彩演艺，带给游客难忘的沉浸式视觉盛宴。乐园充分展现广东本土文化，同时中西合璧，结合高科技游乐元素，除室外游玩设备之外还打造一系列室内创新恒温剧场与夏日清凉项目，打破季节与天气的限制，成为四季全天候主题乐园，满足每一位游客每时每刻的欢乐需求。【游玩攻略】飞越广东 先进科技重磅打造的全感官超震撼飞行影院，8K放映技术与巨型全景高清球幕带来震撼的视觉体验，沉浸式飞行座椅与风、水、声、光等沉浸式体验，让游客尽情翱翔天际，片刻穿越古今，如身临其境般饱览广东独有的壮丽好风光！ 花苑奇境享欢乐亲子时光：在量身打造的梦幻花园中，享受花开蝶舞、奇幻欢乐的亲子时光。 为孩子们量身定制的家庭奇幻项目。色彩缤纷奇趣的大型悬挂过山车在室内与室外尽情穿梭，途中更有趣味十足的媒体互动体验，为孩子们打造一次梦幻、童话的探险之旅。 花海冲浪 乘着水浪，在色彩缤纷的滑梯上蜿蜒而下，时而刺激俯冲，时而领略周围的美丽花海，享受水花四溅的惊险与畅快。 双龙飞舞超刺激尖叫之旅：有无数种方式让你肾上腺素飙升，让你急速飞翔，让你触摸天际！ 可乘坐可悬挂，可单双轨相互变化，这就是广州融创乐园独创的双轨双车过山车。乘客可根据喜好选择乘坐方式，两车同时发射，时而比肩竞速，时而惊险交错，两车近乎碰撞的感官冲击带给游客无限刺激感。怒海狂涛 激流勇进与过山车相结合的全新刺激体验。黑暗的水道忽而垂直倾斜提升，忽而旋转倒滑，与此同时洪水、大火呼啸而来，在双重刺激中，湿身体验世界末日的暴击之旅。 云霄塔 模拟太空飞船上天时的速度感与自由落体时的失重感。1.8秒瞬间弹射至59米高空，又从高空秒速坠落，一段魂飞魄荡的冲天旅程从此开启！ 儿童剧场《反转王国奇遇记》 动植物、昆虫等偶装形象灵活生动，将各种生物与剧情巧妙结合，寓教于乐。用轻松欢快的剧情、滑稽幽默的表演以及有趣的互动设计带观众们走进神奇的反转世界。梦幻花都花车巡游在“百花女王”的召集下，来自中国的“精灵仙子”与异国宾朋欢乐集结，开启缤纷盛大的梦幻花车派对。各色精心设计的主题花车隆重出街，身着多彩华服的演员们来到你的身边，带来精彩的互动表演，邀请你共同投入这片欢乐的海洋。 大湖秀剧场 高科技巨型水幕投影与声光火电技术带来这场震撼的裸眼3D灯光水幕大湖秀。在梦幻的大湖舞台上以水为幕，一场精彩的裸眼3D光影盛宴刹那间震撼你的眼球。以海上丝绸之路为背景的动人故事情节，更让人无限感动。,"{'儿童': [['身高在1.0米(不含)以下，(1米以下儿童有设备身高限制)', '免费']], '老人': [['年满在60周岁(含)以上的老人凭身份证', '优惠价']], '残疾人': [['持有国家残联颁发的各等级残疾人证、港澳台及国外残联颁发的残疾证的残障人士，必须由一名持票成人陪同入园', '优惠价']], '军人': [['军人：现役军人凭本人有效证件仅限(军官证、文职干部证、士官证、士兵证、武警警官证、消防员有效证)', '优惠价']], '消防员': [['在职、退休、残疾消防救援人员或消防救援院校学员（需持有效消防员证件或消防工作证）', '优惠价']]}"
清远笔架山旅游度假区,Qingyuan Bijiashan Canyon Drifting,49968,82958,23.770188,113.036011,3A|游山玩水|亲近大自然|登高爬山,漂流、瀑布、汤泉民宿,0.0,0,4.5,1025,https://dimg04.c-ctrip.com/images/0105u12000aqt8ope3A41.jpg,68.0,68.0,68.0,68.0,4-5小时,"{'openStatus': '今日已闭园', 'openStatusType': 1, 'canSubscribed': False, 'hasSubscribed': False, 'likeCount': 0, 'isLiked': False, 'playSpendTime': '4-5小时', 'openTimeDesc': '全年 09:00-17:30', 'openDateRuleInfo': [{'dateDesc': '全年', 'isCurrentTime': False, 'openWeekRuleInfo': [{'weekDesc': '09:00-17:30'}]}]}","笔架山位于清远市市区以北约7公里处，是集登山、攀岩、漂流等多项户外运动项目于一身的原生态旅游风景区，以峡谷漂流和溯溪探险较为有名。山中绿树茂密，溪涧纵横，可以让游人体验到“乘浮艇、攀天梯、溜铁索、过铁桥”等多种游乐活动。笔架山千谷溪探险，经山泉水千万年冲刷天然而成，全长3.5公里，常年水流充沛、林荫茂密,由奇石深潭、清溪碧水、九重飞瀑、飞跃银河、深山飞跃及众多溪林特色探险体验组成。九重飞瀑高208米，是笔架山脉少有的高空奇瀑，巨大的水幕如银河飘雪从山峰中飞泻层叠而下，气势磅礴，很壮观。“香炉瀑布遥相望，回崖沓嶂凌苍苍，”瀑布两侧峻崖环绕，峰峦重叠，犹如世外桃源一般屹立于此。在幽美的竹林里嬉戏，到壮观的天梯上眺望，漫阅湖光十色的青龙湖，观赏到湖心彩阁和九重飞瀑的壮丽景观，沿着泉水的潺潺水声进入千谷溪丛林探险，两岸青山相映，溪水荡漾着笑涡，陡峭的岩壁旁山幽鸟鸣、百雀飞舞。溯溪而上有众多的体验项目供游客参与：浮桥、洞天九曲桥、山溪浮艇、深山飞跃、惊心铁丝桥、飞跃银河等等，都充满了挑战与感觉。清澈见底的流动水晶泉，万木葱茏的原始森林、玲琅满目的奇花异果，四处都充斥着原生态的味道，是天然的氧吧和武侠仙境。在千谷溪雨林山溪中溯游探险，游客可尽情享受大自然魅力，沐浴令人心旷神怡的森林浴。","{'儿童': [['身高1.2米（不含）以下', '免费'], ['身高1.2米（含）-1.5米（不含）', '优惠']], '老人': [['60周岁（含）以上', '优惠']]}"
奥园英德巧克力王国度假区,Aoyuan Yingde Chocolate Kingdom,5700607,78757862,24.306606,113.381678,水乐园|演出场馆|游乐场|体验慢生活|嗨玩乐园,以巧克力为主题的度假区,0.0,0,4.4,1111,https://dimg04.c-ctrip.com/images/0101t1200083xqv3v0EA6.jpg,158.0,75.0,158.0,75.0,0.5-1天,"{'openStatus': '开园中', 'openStatusType': 0, 'canSubscribed': False, 'hasSubscribed': False, 'openTimeTips': '2023年1月21日（除夕）巧克力乐园、汤泉水世界营业时间均为10:00至15:00；\n2023年1月22日至1月26日（初一至初五）乐园烟花秀，燃放时间20:00至21:00之间；\n2023年1月22日至1月27日（初一至初六）汤泉水世界营业时间13:00～22:30，截止入园时间：21:30。', 'likeCount': 0, 'isLiked': False, 'playSpendTime': '0.5-1天', 'openTimeDesc': '全年 10:00-18:00（16:30停止入园）；2023年1月21日（除夕）巧克力乐园、汤泉水世界营业时间均为10:00至15:00；\n2023年1月22日至1月26日（初一至初五）乐园烟花秀，燃放时间20:00至21:00之间；\n2023年1月22日至1月27日（初一至初六）汤泉水世界营业时间13:00～22:30，截止入园时间：21:30。', 'openDateRuleInfo': [{'dateDesc': '全年', 'isCurrentTime': False, 'openWeekRuleInfo': [{'weekDesc': '10:00-18:00(最晚入园16:30)'}]}]}",奥园英德巧克力王国坐落于广东省英德市英红镇东、西两水库间，背靠“秀才山”，青山耸立，秀水环绕，喀斯特地貌特征突出。项目总占地面积750亩，依托当地丰富的自然资源和人文资源，以悠久的英红茶文化为载体，天然英石为肌理， 首期建设有巧克力乐园、茶与巧克力庄园、英德奥园希尔顿逸林度假酒店、英德喀斯特汤泉水世界四大板块，是一个融合巧克力、英红茶、泡池、酒店及喀斯特地貌于一体的全业态旅游度假胜地。英德喀斯特汤泉水世界占地面积30000平方米，含主题泡池及冲浪池两大区域。精心设计无边泡池、慢泡池、木汤泡池、鸟巢泡池、英石泡池、六感养生泡池、禅茶泡池等七大主题区，构筑华南珍稀的六感主题泡池和英石主题泡池。水世界设有动感游乐区、热情沙滩、风情造浪池、儿童戏水区、梦幻舞台、嬉水滑道等多项游乐设施。夏天水世界，冬季温泉乡。奥园英德巧克力乐园占地面积36万平方米，涵盖可可部落、巧克力工厂、糖云国、奶溪国、可可洞国等六大区域，拥有25余项国内外领先游乐设备设施，创造家庭游乐新体验。园区集食品生产销售、文化展示、主题娱乐于一体，为游客提供体验食品制作、参观文化展览、尽享主题游乐的一站式文旅服务，是适合一家老小共度的甜蜜时光的快乐乐园。茶与巧克力庄园占地面积33000平方米，来自千年岭南古邑文化的创意灵感，融合英伦风情建筑风格，以英女王极力推崇的英红茶为文化内核，集红茶博物馆、西式礼堂、游乐互动、餐饮零售于一体。是英伦风情英红茶产业特色旅游小镇，为游客创造可玩、可闻、可感、可触的全新茶享世界。,"{'儿童': [['巧克力乐园：身高1.2米(含)至1.5米(不含)', '优惠票'], ['水世界：身高1.2米(含)至1.5米(不含)的儿童', '优惠票'], ['水世界/巧克力乐园：身高1.2米（不含）以下', '免费']], '残疾人': [['巧克力乐园：持有国家民政部、残联、部队核发的有效残疾军人证及残疾证之人士', '优惠票']], '老人': [['巧克力乐园：年龄60周岁（含）以上', '优惠票']]}"
广州塔,Canton Tower,107540,90706,23.106459,113.324542,地标观景|演出场馆|4A|遛娃宝藏地,打卡地标璀璨夜景,0.0,0,4.5,31414,https://dimg04.c-ctrip.com/images/01072120008rrd0q9289C.jpg,208.25681602655285,148.9746325272641,148.9746325272641,104.8264284020863,2-4小时,"{'openStatus': '开园中', 'openStatusType': 0, 'canSubscribed': False, 'hasSubscribed': False, 'openTimeTips': '游乐项目开放时间：\n摩天轮：10:00-22:30（其中，逢星期一 15:00-22:30，每月最后一周的星期一 17:00-22:30 ）；\n极速云霄：10:00-22:30（其中，逢星期一 12:00-22:30，每月最后一周的星期一 17:00-22:30 ）。', 'likeCount': 1, 'isLiked': False, 'playSpendTime': '2-4小时', 'openTimeDesc': '全年 09:30-22:30（22:00停止入园）；游乐项目开放时间：\n摩天轮：10:00-22:30（其中，逢星期一 15:00-22:30，每月最后一周的星期一 17:00-22:30 ）；\n极速云霄：10:00-22:30（其中，逢星期一 12:00-22:30，每月最后一周的星期一 17:00-22:30 ）。', 'openDateRuleInfo': [{'dateDesc': '全年', 'isCurrentTime': False, 'openWeekRuleInfo': [{'weekDesc': '09:30-22:30(最晚入园22:00)'}]}]}",广州塔是广州地标，包括发射天线在内，塔高达600米，为国内有名的高塔之一，可自上而下俯瞰广州美景。其头尾相当，腰身玲珑细长，又有“小蛮腰”的俗称。这里晚上会亮灯，即使不游塔，也可来此拍摄外观，用以留念。广州塔从下到上，分为A-E一共5个功能区，塔基部分也就是A区为介绍广州历史、文化、经济和旅游景点等展示功能，并设置旅游服务配套设施。塔冠部分也就是E区，设置餐饮、娱乐功能及观景平台。广州塔的娱乐项目有高空横向摩天轮、阿尔法探索乐园、垂直速降极限项目“极速云霄”以及空中电影城，除外还有很多其它景点，比如488摄影观景平台、白云/星光观光大厅、科普游览厅、天梯等，大部分都是以观景摄影为主。广州的套票有很多种，可以根据个人的需要购买，当然如果想要体验摩天轮等项目，可以选择想应的套票，价格会比较合算。推荐3点半到达电视塔，然后排队安检买票，这样一般4点半-5点可以上到电视塔顶，就可以看日落的广州了，然后可以欣赏拍摄夜景，这样的行程安排基本可以看到白天、傍晚、夜晚的广州全景，比较全面。夏天去电视塔的话由于昼夜长短不同（夏天的夜景比较晚），往后推两小时即可，并且晚上7点-8点是电视塔人少的时候，错开人群也会比较舒服。珠江摄影观景平台：位于2楼，观景平台占地广，依江而建，视野独特广阔，适合于拍摄城市中轴线，也是与广州塔摄影留念的好地方，一般可以在此和塔拍照留念。金逸空中电影城：位于17楼至22楼，是全城位置第一高的影院，拥有国际先进视听设备，让您享受独到的视听效果和身临奇境的逼真体验。阿尔法探索乐园：包括云端漫步、凌空探险以及探索阿尔法等三大项目，集探险、团建、研学多功能于一体，以往只能在多伦多塔、迪拜塔、悉尼大桥等国外地标上才能体验到的项目，如今在广州塔就能近距离深度体验。其中凌空探险位于33层到58层之间，是广州塔阿尔法探索乐园中极具挑战性、惊险性和刺激性的重磅项目。白云/星空观光大厅：广州塔塔内428米和433米处分别设有白云、星空两大主题观光厅。蓝天白云，星空璀璨，广州城市新中轴与珠江美景尽收眼底。白云&星空观光大厅各设有一个悬空走廊，采用全透明钢化玻璃构造，当您低头的时候，给您凌空观景刺激感受，是拍摄留念的不二之选，也是来登广州塔的必到之处。科普游览厅：位于109、110层，它为你揭秘600米的广州塔如何抵抗强风和避震，对科技及知识敢兴趣的可以看下。460米摩天轮：共有16个球舱，球身采用全透明材质，每个球舱可乘坐6名游客，摩天轮运转一周约需20分钟。流连于横向摩天轮，在高处凝望浪漫星空，体会时光交错、天荒地老的绚美之感。450米摄影观景平台：450平台是游客以实惠的价格欣赏塔顶风光的户外平台。广州塔与世界所有高层建筑与众不同之处在于塔顶有开放的户外观景平台可供游客参观。游客可绕平台拾级而上，全方位欣赏羊城美景。450摄影观景平台设有摄影点，热爱摄影的朋友别忘了留影。488米户外观景平台：位于广州塔天线桅杆488米高处，是游客观光所能到达的至高点。2012年至2014年曾获吉尼斯世界纪录。立于广州塔之巅，可360度无障碍俯瞰羊城全貌，更能感受到一览众山小。480米极速云霄：450米极速云霄垂直速降项目位于广州塔天线桅杆455—485米处，是吉尼斯世界纪录保持者。该项目不仅有传统的“坐跳”，更有模拟自由落体的“站跳”，是超级勇者挑战高空极限的佳选。,"{'儿童': [['6周岁（含）以下或身高1.2米（含）以下，每名成人限带两名免票儿童进塔', '免费'], ['1.2米（不含）至1.5米（含）的儿童', '半价']], '学生': [['6周岁（不含）至18周岁（含）未成年、全日制大学本科及以下学历的在校学生', '优惠票']], '老人': [['60周岁（含）-65周岁（不含）以上的长者，凭有效证件', '优惠票'], ['65周岁（含）以上的长者（必需在景区官网提前一天预约免费票，每日预约票数有限，预订完即止）', '免费']], '现役军人、军队离退休干部': [['持有效证件的中华人民共和国现役军人、军队离退休干部（必需在景区官网提前一天预约免费票，每日预约票数有限，预订完即止）', '免费']], '消防救援人员、残疾人、民政部门确认的低保救助对象及五保户': [['持本人有效证明文件（必需在景区官网提前一天预约免费票，每日预约票数有限，预订完即止）', '免费']], '当天生日（公历）游客': [['当天生日（公历）游客凭本人身份证', '半价']]}"
黄腾峡生态旅游区,Huangteng Gorge Ecological Tour Area,70346894,70346894,23.762316,113.094217,游山玩水|亲近大自然|4A,,0.0,0,3.7,107,https://youimg1.c-ctrip.com/target/0103l1200082vvox391EB.jpg,158.0,158.0,158.0,158.0,2-3小时,"{'openStatus': '开园中', 'openStatusType': 0, 'canSubscribed': False, 'hasSubscribed': False, 'openTimeHolidayDesc': '中国法定节假日 09:00-22:00开放', 'openTimeTips': '黄腾峡漂流开放时间：13:00-14:30(淡季)；周六至周日 11:00-16:30(旺季期间) 周一至周五 12:00-16:00(旺季期间)；11月1日-次年4月17日 不开放； 具体以景区当天安排为准', 'likeCount': 0, 'isLiked': False, 'playSpendTime': '2-3小时', 'openTimeDesc': '全年 周一-周五 13:00-22:00 周六-周日 09:00-22:00；中国法定节假日 09:00-22:00开放；黄腾峡漂流开放时间：13:00-14:30(淡季)；周六至周日 11:00-16:30(旺季期间) 周一至周五 12:00-16:00(旺季期间)；11月1日-次年4月17日 不开放； 具体以景区当天安排为准', 'openDateRuleInfo': [{'dateDesc': '全年', 'isCurrentTime': False, 'openWeekRuleInfo': [{'weekTime': '周一至周五', 'weekDesc': '13:00-22:00'}, {'weekTime': '周六至周日', 'weekDesc': '09:00-22:00'}]}, {'dateDesc': '中国法定节假日', 'holidayOpenDesc': '09:00-22:00开放', 'isCurrentTime': False}]}",清远黄腾峡是国家AAAA级景区，漂流行业龙头企业，距离清远市中心仅3.8公里，在业内有着“漂流特色“的美誉。凭借漂流、玻璃悬廊和峡谷悬廊灯光秀，黄腾峡已成为广东较火爆的网红打卡地。,{}
黄腾峡漂流,Huangteng Gorge Rafting,66224,88230,23.76615,113.093128,游山玩水|亲近大自然,刺激好玩的峡谷漂流,0.0,0,4.3,2992,https://dimg04.c-ctrip.com/images/01070120008s7iv2r615B.jpg,267.3178660739094,267.3178660739094,267.3178660739094,0,1-2小时,"{'openStatus': '今日已闭园', 'openStatusType': 1, 'canSubscribed': False, 'hasSubscribed': False, 'openTimeTips': '漂流营业时间视游客情况及当天天气情况而定，可提前或延后', 'likeCount': 0, 'isLiked': False, 'playSpendTime': '1-2小时', 'openTimeDesc': '8月1日-8月31日 周一-周五 12:00-16:00 周六-周日 10:30-16:30；漂流营业时间视游客情况及当天天气情况而定，可提前或延后', 'openDateRuleInfo': [{'dateDesc': '8月1日-8月31日', 'isCurrentTime': False, 'openWeekRuleInfo': [{'weekTime': '周一至周五', 'weekDesc': '12:00-16:00'}, {'weekTime': '周六至周日', 'weekDesc': '10:30-16:30'}]}]}","黄腾峡生态旅游区位于清远市清城区，距离市中心仅3.8公里。凭借惊险刺激的漂流体验和优越的生态环境，黄腾峡漂流在业内享有“小九寨”的美誉。景区自2005年起，多次举办全国性和国际性的大型漂流赛事，已经成为被国家体育总局水上运动管理中心指定的国际漂流大赛赛场。景区拥有库容680万立方的黄腾峡水库，让黄腾峡漂流成为水质好、水量充足的漂流项目。项目涵盖长达8公里的黄腾峡原始大峡谷，集瀑布、深潭、奇石、丛林于一体，周边悬崖对峙、奇峰耸立、滩多水急、银瀑飞溅让游客流连忘返、美不胜收。整个漂流河道蜿蜒曲折、体验独特，首尾总落差达298米,大小落差130多处且落差达12米,“S”级连环弯道80余处，大小山塘堰坝20余口，让您充分感受漂流的刺激惊险和亲水狂欢的乐趣。天然猛士漂，漂流河道的上游漂段，漂时约90分钟，原生态刺激河道。猛士漂的游客可体验悬崖转艇、猛龙穿洞、卷龙出寨、杜鹃映红、瀑布飞艇（单个落差12米）、青蛙跳潭等多个自然落差，猛士漂给游客带来的的刺激成为了漂流行业膜拜的经典。（提示1.3米以下55岁以上的游客请勿参与）观景勇士漂，漂流河道的下游漂段，漂时约60分钟，勇士漂刺激好玩，老少皆宜。勇士漂的游客可享受到翡翠三叠、神龙赐水、银珠落玉盘、曲水回环、群龙戏水、双龙出海等位置驾驭快艇般的体验，同时观赏峡谷美景，感受亲水狂欢打水仗的乐趣。(提示:1.2米以下60岁以上的游客请勿参与)全程勇猛漂，漂流河道全程漂段，漂时约150分钟，游客若觉得猛士漂或勇士漂还不过瘾的话，可以选择全程勇猛漂，体验漂流的刺激挑战。漂流河道总落差298米，大小落差有130多处，既可感受澎湃刺激而安全的漂流，又能在自然生态的水域中享受优良水质的清凉畅快，一路尖叫，感受漂流带来的乐趣。（提示1.3米以下55岁以上的游客请勿参与）VIP漂流，服务升级，包括十大升级体验：专业绿色通道，一对一安全陪护，电瓶车观光，休闲棋牌娱乐，空调休息大厅，精美茶点饮品，冷热水沐浴，纯山矿泉SPA，赠送漂流护具，全程安全呵护。","{'儿童': [['1.2米(不含)以下儿童在成人陪同下可免票入园（手抱婴儿除外）。', '免费']]}"
黄腾峡天门悬廊,Huangteng Gorge Tianmen Hanging Corridor,5531343,61898158,23.766746,113.095985,地标观景|高空行走|遛娃宝藏地,,0.0,0,4.3,1406,https://youimg1.c-ctrip.com/target/100o14000000wl4be5633.jpg,98.0,98.0,98.0,0,1-2小时,"{'openStatus': '开园中', 'openStatusType': 0, 'canSubscribed': False, 'hasSubscribed': False, 'openTimeHolidayDesc': '中国法定节假日 09:00-22:00开放', 'openTimeTips': '黄腾峡漂流开放时间：13:00-14:30(淡季)；周六至周日 11:00-16:30(旺季期间) 周一至周五 12:00-16:00(旺季期间)；11月1日-次年4月17日 不开放；\n具体以景区当天安排为准', 'likeCount': 0, 'isLiked': False, 'playSpendTime': '1-2小时', 'openTimeDesc': '全年 周一-周五 13:00-22:00 周六-周日 09:00-22:00；中国法定节假日 09:00-22:00开放；黄腾峡漂流开放时间：13:00-14:30(淡季)；周六至周日 11:00-16:30(旺季期间) 周一至周五 12:00-16:00(旺季期间)；11月1日-次年4月17日 不开放；\n具体以景区当天安排为准', 'openDateRuleInfo': [{'dateDesc': '全年', 'isCurrentTime': False, 'openWeekRuleInfo': [{'weekTime': '周一至周五', 'weekDesc': '13:00-22:00'}, {'weekTime': '周六至周日', 'weekDesc': '09:00-22:00'}]}, {'dateDesc': '中国法定节假日', 'holidayOpenDesc': '09:00-22:00开放', 'isCurrentTime': False}]}",黄腾峡天门悬廊，又名黄腾峡玻璃悬廊，位于黄腾峡景区内，是在峡谷险峻的山体上，打造集声、光、玻璃、水瀑于一体的玻璃桥廊项目。它由三个钢混结构的巨型立柱支撑，外观如同双球拍交叉立于高山之上，直指云天，被广大游客形象地称为“大球拍”。天门悬廊整体由山体伸出直线长度约368米，仅外侧单柱悬挑的环形悬廊长度既达168米。旅客前往玻璃廊桥，大部分是为了获得惊险刺激的高空体验。悬廊外侧处于漂流河道上方，离地垂直高度达500余米，震憾的高空落差及透明玻璃，带给游客无限的惊险体验，真正达到一步惊心，步步惊心。站立于天门悬廊上，透过玻璃俯视下方，峡谷中一切景象清晰可见，北侧可观黄腾峡漂流大峡谷的原始峡谷风光，南侧可赏清远市区高楼林立的城市风貌，西侧则可见晚霞红满天的落日辉煌。如遇云雾天气，整个悬廊矗立于云雾之上，煞是壮观，自身则如临天门，步入仙境。除此以外，悬廊设计团队充分发挥创意能力，在500米高空的环形悬廊上安装了音乐灯光水瀑系统，形成了总周长达168米的环形音乐瀑布，不仅在白天给游客带来“飞流直下三千尺”的震憾感受，亦能让游客观赏到阳光斜照环形瀑布时形成的空中彩虹，更能在夜幕降临之际随着环形音乐瀑布的灯光开启，2000多只炫丽灯具的动态表演汇成了精彩的灯光盛宴。夜间悬廊灯光的交相辉映，让整个景区变成如梦如幻的世界，也带给游客带来极其震撼的视觉享受。,"{'儿童': [['1.2米(不含)以下儿童在成人陪同下可免票入园(手抱婴儿除外)。', '免费']]}"
峰林晓镇,Jiulong Town,2016031,30789283,24.1211,112.923792,亲近大自然|登高爬山|4A|遛娃宝藏地|地标观景,线型排列的石灰岩质山峰,0.0,0,4.1,1252,https://dimg04.c-ctrip.com/images/1lo1v12000bexlfle94F7.jpg,60.0,40.0,60.0,40.0,0.5-1天,"{'openStatus': '开园中', 'openStatusType': 0, 'canSubscribed': False, 'hasSubscribed': False, 'likeCount': 0, 'isLiked': False, 'playSpendTime': '0.5-1天', 'openTimeDesc': '全年 08:30-18:00', 'openDateRuleInfo': [{'dateDesc': '全年', 'isCurrentTime': False, 'openWeekRuleInfo': [{'weekDesc': '08:30-18:00'}]}]}","峰林晓镇位于英德市的西南部60公里的九龙镇，地处于九龙镇英西峰林核心段，内有千多座呈线型排列的石灰岩质山峰，山势雄伟,景色奇特,大小溪涧、河流穿绕其间，千姿百态的山峰、神秘莫测的岩洞、嶙峋怪异的岩石、变化无穷的云海、雾景、浓郁乡土气息的田园风光，千亩花海烂漫盛开，置身其间，风光绮丽，大有蓝天、青山、碧水回归大自然的神韵。农耕文化园占地200多亩，是一处集生态花卉观光、生态蔬果种植、农业旅游观光、休闲采摘、科普教育、和农耕文化为一体的生态采摘及观光休闲乐园。","{'儿童': [['身高1.2米（含）以下', '免费'], ['身高1.2米（不含）-1.5米（含）', '优惠']], '老人': [['年龄65周岁（含）-69周岁（含），凭本人有效身份证原件', '优惠价格'], ['年龄70周岁（含）以上，凭本人有效身份证原件', '免费']], '残疾人': [['残疾军人、一至四级残疾军人随行一名陪护人员(凭指定机关核发的有效证件原件)', '免费']], '退役军人、因公牺牲军人遗属、病故军人遗属': [['参战退役军人、因公牺牲军人遗属、病故军人遗属凭有效证件', '优惠']], '现役军人、烈士遗属、残疾军人': [['现役军人、烈士遗属、残疾军人、享受国家定期抚恤补助的退役军人出示有效证件(优抚证等)', '免费']]}"
长隆野生动物世界,Chimelong Safari Park,6802,76896,23.000446,113.315298,萌萌动物,《爸爸去哪儿》拍摄地,0.0,0,4.7,53961,https://dimg04.c-ctrip.com/images/350d1700000137j2902B1.jpg,300.0,210.0,300.0,210.0,1-2天,"{'openStatus': '开园中', 'openStatusType': 0, 'canSubscribed': False, 'hasSubscribed': False, 'openTimeTips': '【7月园区营运时间】\n小火车：09:30-17:00，末班车发车时间 17:00\n自驾区：09:30-17:00\n空中缆车：12:00-17:30（最后入闸 17:30）\n巡游：16:00\n中心区：11:30-18:00\n以上营运时间，如有调整以现场公告为准\n\n【8月园区营运时间】\n小火车：09:30-17:00，末班车发车时间 17:00\n自驾区：09:30-17:00\n空中缆车：10:30-17:30（最后入闸 17:30）\n巡游：16:00\n中心区：11:30-18:00\n以上营运时间，如有调整以现场公告为准', 'likeCount': 3, 'isLiked': False, 'playSpendTime': '1-2天', 'openTimeDesc': '7月1日-8月31日 09:30-18:30；【7月园区营运时间】\n小火车：09:30-17:00，末班车发车时间 17:00\n自驾区：09:30-17:00\n空中缆车：12:00-17:30（最后入闸 17:30）\n巡游：16:00\n中心区：11:30-18:00\n以上营运时间，如有调整以现场公告为准\n\n【8月园区营运时间】\n小火车：09:30-17:00，末班车发车时间 17:00\n自驾区：09:30-17:00\n空中缆车：10:30-17:30（最后入闸 17:30）\n巡游：16:00\n中心区：11:30-18:00\n以上营运时间，如有调整以现场公告为准', 'openDateRuleInfo': [{'dateDesc': '7月1日-8月31日', 'isCurrentTime': False, 'openWeekRuleInfo': [{'weekDesc': '09:30-18:30'}]}]}",长隆野生动物世界以动物保护、繁育为基础，以珍稀动物大种群展示为特色，汇集了世界各地500多种、2万多只珍稀动物。保育有大熊猫三胞胎萌萌、帅帅、酷酷；繁育至第七代的考拉种群。长隆野生动物世界被评为“全国野生动物保护科普教育基地”、“全国科普工作先进集体”、“广东省科普教育基地”、“广东省自然教育基地”、“2021年度广东省十佳科普教育基地”“广州市中小学生研学实践教育基地”，并在2019年加入世界动物园和水族馆协会(WAZA)，同时，获得“广东省博士工作站”资格。园区内保护动物的理念随处可见，图文并茂的动物知识牌、3个科普大讲堂、13个科普驿站，全年度开展不同主题的科普活动，多系列的研学课程，集讲解与动物展示于一体，让每一位游园的客人都能切身感受到保护动物、保护生态环境的重要性。此外，长隆野生动物世界举办了世界野生动植物日、爱鸟周、野生动物宣传月等大型主题活动，开展自然教育与野生动植物知识进校园活动，形成了园内园外互补的科普宣教体系。,"{'儿童': [['游园当日年龄3周岁(不含)以下或身高1米(不含)以下', '免费'], ['游园当日年龄3周岁(含)-12周岁(不含)之间或身高1米(含)-1.5米(不含)之间', '优惠']], '老人': [['游园当日年龄已满65周岁的长者', '优惠']], '青少年': [['游园当天年龄12周岁(含)-18周岁(不含)之间且身高1.5米(含)以上的未成年人', '优惠']], '残疾人': [['凭国家民政部、残联、部队核发的有效残疾军人证及残疾证与居民身份证验票入园', '优惠']]}"
清远宝晶宫国际旅游度假区,Baojing Palace,17617,79776,24.125167,113.368466,游山玩水|亲近大自然|4A|登高爬山,探秘雄奇的天然溶洞,0.0,0,4.6,3145,https://dimg04.c-ctrip.com/images/100g1f000001gqwtyA2E1.jpg,76.0,76.0,76.0,0,2-3小时,"{'openStatus': '开园中', 'openStatusType': 0, 'canSubscribed': False, 'hasSubscribed': False, 'likeCount': 0, 'isLiked': False, 'playSpendTime': '2-3小时', 'openTimeDesc': '1月1日-4月28日 08:30-18:00；4月29日-5月2日 08:00-18:30（18:00停止售票）；5月3日-12月31日 08:30-18:00', 'openDateRuleInfo': [{'dateDesc': '5月3日-12月31日', 'isCurrentTime': True, 'openWeekRuleInfo': [{'weekDesc': '08:30-18:00'}]}, {'dateDesc': '1月1日-4月28日', 'isCurrentTime': False, 'openWeekRuleInfo': [{'weekDesc': '08:30-18:00'}]}, {'dateDesc': '4月29日-5月2日', 'isCurrentTime': False, 'openWeekRuleInfo': [{'weekDesc': '08:00-18:30(停止售票18:00)'}]}]}",宝晶宫位于英德市西南的燕子岩山脉中，由宝晶宫溶洞、碧绿湖、碧落洞和狮子山等景区组成，溶洞是这里的首要看点，奇形怪状的钟乳石在景观灯的照耀下，显得分外迷人，更有“岭南第一洞天”之称。宝晶宫历史悠久，有通天洞摩崖石刻、宝晶宫现代摩崖石刻 、十万年历史的旧石器遗址 、碧落洞千年道观遗址 、老地湾清代民居等人文历史景观。景区内更有飞龙蹦极、天宫玻璃桥、天山丛林飞车、天鹅湖飞索、狮子山天梯、奇石书画摄影展、农耕展馆、四季花海等项目可供游玩。来到景区，未入“宫”门，其风景色已让人驻足：三面环山、平静如镜的宝晶湖倒影着山色，几座青翠的孤山错落湖滨，九曲木桥连接湖心亭台，舟泛湖中，美景天成。宝晶宫溶洞已开放游览的有三层，上到二层、三层需要走上百个石阶，给人一种在洞中爬山的感觉，非常有意思。宝晶宫溶洞既有金碧辉煌的大厅，也有迷宫般的通道，更是有多层岩洞相叠连通，各层岩洞景物独具一格，又一层胜似一层。洞内石笋、石柱林立，石花、石幔千姿百态，石钟乳玲珑剔透，绚丽多姿，有的如花鸟虫鱼、有的似飞禽走兽，景色独特。洞壁上还保存有一百二十多则摩崖石刻，历史意义深远。,"{'儿童': [['身高1.2米（不含）以下', '免费']], '军人': [['现役军人', '免费']], '持有优抚证人员': [['凭本人有效身份认证购票', '免费']]}"
广州融创水世界,Guangzhou Sunac Water World,5110391,57239208,23.427729,113.233723,水乐园|嗨玩乐园|亲水乐园|4A,享全天候不停歇的水中欢乐,0.0,0,4.4,1448,https://dimg04.c-ctrip.com/images/100g1f000001gqxi8DB98.jpg,118.0,98.0,119.0,98.0,0.5-1天,"{'openStatus': '开园中', 'openStatusType': 0, 'canSubscribed': False, 'hasSubscribed': False, 'openTimeTips': '设备开放时间按现场客流调整。', 'likeCount': 0, 'isLiked': False, 'playSpendTime': '0.5-1天', 'openTimeDesc': '7月1日-8月31日 周一-周五 10:00-21:00 周六-周日 10:00-22:00；设备开放时间按现场客流调整。', 'openDateRuleInfo': [{'dateDesc': '7月1日-8月31日', 'isCurrentTime': False, 'openWeekRuleInfo': [{'weekTime': '周一至周五', 'weekDesc': '10:00-21:00'}, {'weekTime': '周六至周日', 'weekDesc': '10:00-22:00'}]}]}",广州融创水世界占地约3.4万平方米，是华南地区少有的超大型室内全时恒温水世界，以“海上丝路”为设计主题，分为海上奇旅区、海底宝藏区、冒险港区三大主题区域，展现出南国的航海文化与异域风情。水世界拥有大喇叭与大浪板双重刺激叠加的龙卷狂风、穿越450米激流的奇幻漂流、沉浸式水中4D影院、超大型双波造浪池等多个由世界前沿科技打造的水上娱乐设施，满足各种嬉水度假需求。全新打造空中海洋与梦境光影秀，丰富的水上狂欢演艺活动，尽享全天候不停歇的水中欢乐。,"{'儿童': [['身高在1.2米(不含)以下', '免费'], ['身高在1.2米(含)-1.5米(不含)之间', '优惠']], '老人': [['年龄在60周岁(含)以上凭身份证', '优惠']], '残疾人': [['持有国家残联颁发的各等级残疾人证、港澳台及国外残联颁发的残疾证的残障人士。', '优惠']], '现役军人': [['需持有效证件：仅限军官证、文职干部证、士官证、士兵证、武警警官证。', '优惠']], '消防员': [['在职、退休、残疾消防救援人员或消防救援院校学员，须持有效消防员证件或消防工作证。', '优惠']]}"
广东第一峰旅游风景区,Shaoguan Guangdong First Peak,20466,80664,24.794852,112.912361,亲近大自然|4A|登高爬山,登高欣赏星空与日落之美,0.0,0,4.0,734,https://dimg04.c-ctrip.com/images/35040r000000gsv0wB1DD.jpg,50.0,39.0,39.0,39.0,0.9-1天,"{'openStatus': '开园中', 'openStatusType': 0, 'canSubscribed': False, 'hasSubscribed': False, 'likeCount': 0, 'isLiked': False, 'playSpendTime': '0.9-1天', 'openTimeDesc': '全年 全天开放', 'openDateRuleInfo': [{'dateDesc': '全年', 'isCurrentTime': False, 'openWeekRuleInfo': [{'weekDesc': '全天开放'}]}]}",广东第一峰是广东的最高峰，主峰石坑崆海拔1902米，这里原始森林茂密，高山峡谷、山泉飞瀑，共同勾画了一幅奇秀的山水画。这里的璀璨星空与日出日落更是吸引了无数游客前往。整个风景区主要分为石坑崆游览区、太平洞瑶寨、秤架大河谷、天泉瀑布、天泉高山温泉和第一峰漂流等，除了饱览自然美景，还能泡温泉、玩漂流，晚上则可围坐篝火四周，观赏瑶族风情舞蹈，或是与他们一起载歌载舞。上山主要是盘山公路，并不很适合想徒步攀登的游客，比较建议自驾前往，登顶车程约2小时。如今山顶有军队驻扎演练，只能到达离峰顶约2公里的地方，建议下午时分出发，然后在山上的露营基地住宿一晚，晚上欣赏日落与星空，第二天早起看日出。,"{'儿童': [['身高1.2米（不含）以下', '免费'], ['身高1.2米（含）-1.5米（不含）', '优惠价']]}"
广东第一峰温泉度假村,,134400851,134400851,24.798746,112.909431,,,0.0,0,4.5,15,https://dimg04.c-ctrip.com/images/01070120009pmevvk191A.jpg,69.0,65.0,65.0,65.0,,"{'openStatus': '开园中', 'openStatusType': 0, 'canSubscribed': False, 'hasSubscribed': False, 'likeCount': 0, 'isLiked': False, 'openTimeDesc': '全年 09:00-23:30', 'openDateRuleInfo': [{'dateDesc': '全年', 'isCurrentTime': False, 'openWeekRuleInfo': [{'weekDesc': '09:00-23:30'}]}]}",第一峰温泉镶嵌着大大小小的游泳池共21个，水温51℃左右，水清澈见底，日流量达1000立方米。,"{'儿童': [['身高1.2米（不含）以下', '免费'], ['身高1.2米（含）-1.5米（不含）', '优惠']]}"
清远金子山原生态旅游风景区,Qingyuan Jinzi Mountain Ecological Tourism Area,136168,97767,24.718843,112.052279,亲近大自然|4A|登高爬山,登险峰征服天梯和玻璃栈道,0.0,0,4.3,928,https://dimg04.c-ctrip.com/images/35050q000000gp8331259.jpg,63.0,63.0,63.0,63.0,4-6小时,"{'openStatus': '今日已闭园', 'openStatusType': 1, 'canSubscribed': False, 'hasSubscribed': False, 'openTimeTips': '15:30为最晚取票时间', 'likeCount': 0, 'isLiked': False, 'playSpendTime': '4-6小时', 'openTimeDesc': '全年 07:30-17:30；15:30为最晚取票时间', 'openDateRuleInfo': [{'dateDesc': '全年', 'isCurrentTime': False, 'openWeekRuleInfo': [{'weekDesc': '07:30-17:30'}]}]}",金子山原生态旅游风景区在清远当地小有名气，主峰金子山地势险要，沿途树木葱茏，既有小桥流水，又有险峻天梯，极具特色。金子山海拔约1417米，有着“岭南险峰之称”，登顶需要约2.5-3小时，下山需要约1.5小时。沿途郁郁葱葱，奇峰怪石不断，更有古树溪谷、竹海奇观可供观赏。近乎垂直的天梯和那悬在千米之上的玻璃栈道既惊险刺激，又能给游人带来满满的征服感。登至山顶那一刻，远处群峰连绵，美景尽收眼底。远眺三省边城风光，大有“会当凌绝顶，一览众山小”的气概。冬春季节的雨后常有缕缕轻雾，如置身云海之中；隆冬及初春季节如遇降雪，金子山漫山遍野均成雪原，成为淡季出游的新亮点。,"{'登山票：儿童': [['身高1.2米(不含)以下', '免费']], '登山票：儿童/老人': [['儿童：身高1.2米(含)-1.4米(含)；\n老人：60周岁（含）以上，凭老年证或身份证。', '优惠']], '索道票：儿童': [['身高1.0米（含）以下', '单程50元/人，双程100元/人，在景区索道上站或下站补票。']]}"
白云山,Baiyun Mountain,6766,76874,23.18445,113.300072,5A|游山玩水|登高爬山,登高揽胜赏月色,0.0,0,4.7,4748,https://dimg04.c-ctrip.com/images/10060z000000ncfn5CCD4.jpg,158.0,158.0,158.0,0,0.5-2天,"{'openStatus': '开园中', 'openStatusType': 0, 'canSubscribed': False, 'hasSubscribed': False, 'likeCount': 2, 'isLiked': False, 'playSpendTime': '0.5-2天', 'openTimeDesc': '全年 全天开放', 'openDateRuleInfo': [{'dateDesc': '全年', 'isCurrentTime': False, 'openWeekRuleInfo': [{'weekDesc': '全天开放'}]}]}",白云山是广州较为有名的踏青地，它由远近连绵的30多座山峰组成，在摩星岭主峰，可以从上往下俯览整个广州。每当暮春时节或是空山新雨之后，山峦间便可见白云缭绕，白云山也由此得名。花期时，白云山上花俏枝头，黄花风铃木、紫荆、木棉、杜鹃花、角茎野牡丹等竞相绽放，是为赏花胜地。目前白云山风景区从南至北（也就是从南门进风景区后，由下往上），共有7个游览区，依次是：麓湖游览区（主要景点为麓湖公园、星海园）、三台岭游览区（主要游览云台花园）、鸣春谷游览区（主要景点为鸣春谷、山顶公园，来这主要是观鸟）、摩星岭游览区（主要景点是白云山摩星岭和观景亭）、明珠楼游览区（主要看桃花涧和梅花谷）、飞鹅岭游览区（靠近北门，主要景点为雕塑公园）及荷依岭游览区（主要景点是云溪生态公园）。,"{'儿童': [['6周岁（不含）或身高1.2米（不含）以下儿童', '免费']], '学生': [['持有效证件的全日制大学本科及以下学历的学生、 6周岁（含）至18周岁（含）未成年人', '半价']], '老人': [['持有效证件的65周岁（含）以上老年人', '免费'], ['持有效证件的60周岁（含）至64周岁（含）老年人', '半价']], '其他人群': [['持有效证件的现役军人、军队离退休干部、残疾人', '免费']]}"
沙面,Shamian Island,11346,78476,23.106723,113.244606,文化古迹|街区漫步,欧陆风情建筑非常适合拍照,0.0,0,4.6,6117,https://dimg04.c-ctrip.com/images/10061f000001gqvqr379C.jpg,0,0,0,0,3小时,"{'openStatus': '开园中', 'openStatusType': 0, 'canSubscribed': False, 'hasSubscribed': False, 'likeCount': 2, 'isLiked': False, 'playSpendTime': '3小时', 'openTimeDesc': '全年 全天开放', 'openDateRuleInfo': [{'dateDesc': '全年', 'isCurrentTime': False, 'openWeekRuleInfo': [{'weekDesc': '全天开放'}]}]}",沙面是广州很有有意思的地方，来这里主要是看建筑。这里的建筑向人展现着19世纪广州的欧陆风情，环境极美，很适合漫步其中，或是文艺青年们拍照。因为处处都是风景，你时不时可以在这见到拍婚纱照的新人，若有兴致，也可以等到华灯初上，找一家咖啡馆，沉思往事，遥望天鹅潭，别有一番情调。沙面的街头巷陌漫布着雕像、凉亭、花圃、木椅和喷水池等西式街道的元素，岛上有150多座欧洲风格建筑，其中有42座特色突出的新巴洛克式、仿哥特式、券廊式、新古典式及中西合璧风格建筑，是广州充满异国情调的欧洲建筑群。比较知名的建筑有：沙面大街2号-6号的楼房，俗称红楼，原是海关洋员华员俱乐部，高三层，红砖砌筑，南面和北面建有尖顶阁楼，仿19世纪英国浪漫主义建筑风格。沙面大街54号的建筑，原是汇丰银行，高四层，二层的外墙砌有通柱到三层顶，在西南面楼顶建有穹窿顶的亭子。沙面大街48号的楼房，是代表性的券廊式建筑，高三层，钢筋混凝土结构，四周的走廊均为券拱形，外墙刷水洗石米。沙面大街14号的露德天主教圣母堂，规模虽小，结构简单，但在其入口处仍然为仿哥特式。,{}
清远新银盏温泉,Xinyinzhan Hot Spring Holiday Resort,50021,83000,23.551638,113.130211,4A|体验慢生活,广东省十佳温泉景区之一,0.0,0,4.3,1137,https://youimg1.c-ctrip.com/target/350u0w000000kchmeD55F.jpg,158.0,158.0,158.0,90.0,,"{'openStatus': '开园中', 'openStatusType': 0, 'canSubscribed': False, 'hasSubscribed': False, 'likeCount': 0, 'isLiked': False, 'openTimeDesc': '全年 09:00-23:00（22:00停止入园）', 'openDateRuleInfo': [{'dateDesc': '全年', 'isCurrentTime': False, 'openWeekRuleInfo': [{'weekDesc': '09:00-23:00(最晚入园22:00)'}]}]}",新银盏温泉度假村，广东省十佳温泉景区之一，位处广东省广清高速公路银盏收费站出口处，十万亩银盏林场和5千亩银盏水库环立四周，是珠三角地区珍罕的世外桃源。清远新银盏温泉所用温泉，皆采用自距地表100多米的温矿泉，达到国家环保部门地表水环境质量标准。经广东省珠江水资源环保办公室鉴定，水温64摄氏度，水质无色无味，透明干净，不受地表污染，富含20多种无放射性的微量元素，其中硫离子含量为0.367毫克/升，重碳酸根含量为121.75毫克/升，ph值为8.47，且碳酸度低（0.269--0.34毫克/升）。度假区内山峦起伏，树木葱茏，空气新鲜，出水相拥，1670万平方米有林面积的银盏林场和83万平方米水域的银盏水库，实为珠三角地区一个难得的“天然氧吧”。于此度假休闲，一如置身于“世外桃源”，感受放松与愉悦。巧夺天工的开放温泉浴场与座座温泉别墅临山而立，融入秀美的大自然，温泉浴包罗万象，温泉石板炕、光波浴、香薰浴、按摩池、温泉游泳池、儿童游乐池等，共计81泉。,"{'儿童': [['身高1.2米（不含）以下', '免费'], ['身高1.2米（含）-1.5米（不含）', '优惠']], '老人': [['60周岁（含）以上凭老年证', '优惠']], '现役军人': [['凭军官证', '优惠']], '退伍军人': [['凭退伍证', '优惠']]}"
欧家梯田,Ou's Terrace,1684436,18646647,24.737095,112.185368,游山玩水,M字型分布，依山盘绕而上,0.0,0,4.1,195,https://youimg1.c-ctrip.com/target/100f1g000001h71o285E5.jpg,60.0,35.0,60.0,0,1天,"{'openStatus': '今日已闭园', 'openStatusType': 1, 'canSubscribed': False, 'hasSubscribed': False, 'likeCount': 0, 'isLiked': False, 'playSpendTime': '1天', 'openTimeDesc': '全年 08:30-18:00', 'openDateRuleInfo': [{'dateDesc': '全年', 'isCurrentTime': False, 'openWeekRuleInfo': [{'weekDesc': '08:30-18:00'}]}]}",﻿欧家梯田位于广东省清远市连山壮族瑶族自治县太保镇欧家村，地处被誉为“广东岭南屋脊”的连山较高的山峰大雾山麓，海拔400-800米之间，一年四季气候分明，年平均气温为18.9°。欧家梯田四面环山，森林覆盖率达百分之93，负离子含量很高，是氤氲天地山水灵气的天然森林大氧吧。这里春回醉山花，夏至山峦翠，秋来金穗灿，冬披银毯妆，是四季皆宜的旅游度假之地。欧家梯田被誉为中国十大较美梯田，1000多亩梯田呈M字型分布在欧家村周围，是广东省规模大、原始生态的梯田。层层叠叠的梯田依山势延绵而下，蜿蜓起伏，婀娜多姿，阡陌纵横，移步换景。随着季节的转换，梯田呈现不同景观。,"{'儿童': [['身高1.2米(不含)以下，需1位成人票陪同', '免费'], ['身高1.2米(含)~1.5米(不含)', '优待票']], '现役军人、退役参战老兵': [['凭有效证件，需1位成人票陪同', '免费']], '老人': [['年龄65周岁(含)以上', '优待票']]}"
英西峰林走廊,Yingxi Fenglin Corridor,17601,79766,24.18923,112.91999,游山玩水|亲近大自然,千座纵横连绵的峰林,0.0,0,3.9,859,https://youimg1.c-ctrip.com/target/1A0413000000tymzq0529.jpg,118.0,90.0,118.0,90.0,4.9-5小时,"{'openStatus': '今日已闭园', 'openStatusType': 1, 'canSubscribed': False, 'hasSubscribed': False, 'openTimeTips': '老虎谷漂流时间：14:00-15:30', 'likeCount': 0, 'isLiked': False, 'playSpendTime': '4.9-5小时', 'openTimeDesc': '全年 08:00-17:30（17:00停止入园）；老虎谷漂流时间：14:00-15:30', 'openDateRuleInfo': [{'dateDesc': '全年', 'isCurrentTime': False, 'openWeekRuleInfo': [{'weekDesc': '08:00-17:30(最晚入园17:00)'}]}]}",英西峰林位于广东省清远英德市西南的九龙、黄花（原明迳、岩背两镇合并后称之为黄花）两镇之间。内有一千多座形态各异的石灰岩质山峰纵横连绵，大大小小的河流溪涧穿绕其间，山峰四周常年云雾袅绕，绿树成阴，气候宜人。英西峰林走廊是英石之奇、之丽、之秀的恢宏展示，它与简朴的村庄、纯朴的民风融为一体，充满着浓郁的田园气息。到英西峰林走廊一定要游两大峰林、探两个岩洞、寻两处古迹。两大峰林，一个是“千军峰林”，因峰势皆向东倾侧，有如蓄势准备冲锋的兵阵，故得名。另一个是“公正溪树峰林”，以峰林形态各异，且有溪涧袅绕其间而具特色。一千个峰林就是一千个景象，让游人尽情发挥想象力与创造力。两个岩洞，第一个是“穿天岩”，是一个溪流穿山而过的岩洞。洞顶有2个穿孔，光线从而透入洞中。第二个是“阳岩洞”，号称“粤北第一大洞”。洞内的钟乳石晶莹闪烁，质感上佳。两处古迹，一处是彭家祠，始建清朝中期，建筑物依山势叠建而上，地理位置险要，是当地彭氏族人为抵御土匪滋扰而建的防御性堡垒。另一处是“小赵州桥”，以石垒成，没有桥墩，以优美的弧拱形态横跨小河两岸，灵巧轻盈。除了上述景点外，走廊中还有荣强小桂林、龙角山、王朝石山、明迳倒影、吊香岩和顺岩、迎客松、永丰古庙、飞马庙遗址等景点可以一游。英西峰林九重天景区	位于英西峰林十里画廊精华段 -- 黄花镇岩口村，是英西峰林核心景区系列之 -- 全新升级精华版，有 亿年冰河、万亩森林氧吧、千奇溶洞、百怪石林、十八罗汉、九指神龟、世外桃源、人间仙境… ... 集清远 “漂流、地下河、溶洞”游玩精华于一身；江山多娇谁作伴，英西峰林九重天”道家文化的九重天观光栈道全长 1500 多米，遍布奇特无比、多姿多彩、维妙维俏、神奇美丽的“英石峰林群”“钟乳石林群”，天然溪流自然穿洞而过，洞内长满奇特形态的英石、钟乳石等；游览主题丰富多彩，走入森林氧吧清新怡人，走进山间小径幽然脱俗，让你完全置身在一个与世隔绝的“世外桃源”；观光栈道穿洞而过，怡人空气扑面而来，展现你面前的又是一个美不胜收的“人间仙境”；走进九重天，让你如诗般穿梭亿年冰河世纪；游览九重天，让你似画般感受大自然鬼斧神工；钟乳石千奇百怪，石水母游浮身旁；女王头像天然呈现，雪莲飞瀑映入眼帘；九指神龟为你贺寿，十八罗汉为你祈福；天外飞石汇聚灵气，各路神仙齐聚一堂；叮咚泉水“交响曲”伴奏左右，“层层石苔登高地，九重天界入梦来”，“美丽九重天”浑然天成，游览时间恰到好处。	“无穷无尽无边界，天地造化九重天”！三步不同景，九步一重天；九重天宫地，仙界真妙境！“九重天”带给你如诗似画般的“世外桃源”，“九重天”带给你如梦似幻般的“人间仙境”！	 	“美丽九重天”欢迎你的到来与游览，“神秘九重天”带给你好运和幸福！,"{'儿童': [['【峰林九重天/峰林胜境/彭家古堡/黄花溪竹筏漂游】1.2米(不含)以下', '免费'], ['【峰林九重天/峰林胜境/彭家古堡/黄花溪竹筏漂游】1.2米(含)至1.5米(不含)', '半价']], '老人': [['【峰林九重天/峰林胜境/彭家古堡/黄花溪竹筏漂游】70周岁(含)以上，出示并登记有效证件，并有一对一监护人签名及陪同', '免费'], ['【峰林九重天/峰林胜境/彭家古堡/黄花溪竹筏漂游】65周岁(含)以上', '半价']], '军人': [['【峰林九重天/峰林胜境/彭家古堡/黄花溪竹筏漂游】凭有效证件', '半价']], '残疾人': [['【峰林九重天/峰林胜境/彭家古堡/黄花溪竹筏漂游】凭有效证件', '半价']]}"
广东峡天下景区,Guangdong Xiatianxia Scenic Spot,5710702,93580263,24.669908,112.765932,游山玩水,,0.0,0,4.4,221,https://youimg1.c-ctrip.com/target/0106u120006sp2ey6819C.jpg,168.0,168.0,168.0,168.0,3-4小时,"{'openStatus': '今日已闭园', 'openStatusType': 1, 'canSubscribed': False, 'hasSubscribed': False, 'likeCount': 0, 'isLiked': False, 'playSpendTime': '3-4小时', 'openTimeDesc': '全年 08:00-18:00', 'openDateRuleInfo': [{'dateDesc': '全年', 'isCurrentTime': False, 'openWeekRuleInfo': [{'weekDesc': '08:00-18:00'}]}]}",广东峡天下景区地处阳山喀斯特大峡谷腹地，相对高差约1000米的秤架——岭背大峡谷和五元坑大峡谷在此交汇，形成了群峰高耸、峡谷幽深、绝壁奇险、碧水蜿蜒的人间胜景。以星月湖水上游乐中心、峡天下极限运动挑战基地和天镜山景区三大版块组成的景区格局，集生态、休闲、康养和极限运动挑战为一体的综合型旅游景区。,{}
奥园英德巧克力乐园,Aoyuan Yingde Chocolate Kingdom,104676675,104676675,24.306999,113.381977,演出场馆|嗨玩乐园|游乐场,,0.0,0,4.3,338,https://dimg04.c-ctrip.com/images/0104k120008g60o163B70.jpg,158.0,75.0,158.0,75.0,3-5小时,"{'openStatus': '今日已闭园', 'openStatusType': 1, 'canSubscribed': False, 'hasSubscribed': False, 'openTimeTips': '2023年1月22日至1月26日（初一至初五）乐园烟花秀，燃放时间20:00至21:00之间', 'likeCount': 0, 'isLiked': False, 'playSpendTime': '3-5小时', 'openTimeDesc': '1月1日-1月20日 10:00-18:00；1月21日 周三-周六 10:00-15:00；1月22日-12月31日 10:00-18:00（16:30停止售票，16:30停止入园）；2023年1月22日至1月26日（初一至初五）乐园烟花秀，燃放时间20:00至21:00之间', 'openDateRuleInfo': [{'dateDesc': '1月22日-12月31日', 'isCurrentTime': True, 'openWeekRuleInfo': [{'weekDesc': '10:00-18:00(停止售票16:30,最晚入园16:30)'}]}, {'dateDesc': '1月1日-1月20日', 'isCurrentTime': False, 'openWeekRuleInfo': [{'weekDesc': '10:00-18:00'}]}, {'dateDesc': '1月21日', 'isCurrentTime': False, 'openWeekRuleInfo': [{'weekTime': '周三至周六', 'weekDesc': '10:00-15:00'}]}]}",奥园英德巧克力乐园占地面积36万平方米，涵盖可可部落、可可森林、巧克力工厂、糖云国、奶溪国、可可洞国等六大区域，拥有25余项国内外领先游乐设备设施，创造家庭游乐新体验。园区集食品生产销售、文化展示、主题娱乐于一体，为游客提供体验食品制作、参观文化展览、尽享主题游乐的一站式文旅服务，是适合一家老小共度的甜蜜时光的快乐乐园。,"{'儿童': [['身高1.2米（含）至1.5米（不含）', '优惠票'], ['身高1.2米（不含）以下', '免费']], '残疾人': [['持有国家民政部、残联、部队核发的有效残疾军人证及残疾证之人士', '优惠票']], '老人': [['年龄60周岁（含）以上', '优惠票']]}"
